UTDRAG ur Kemikalieinspektionens PRIO-databas;;;;;;
Datum: 2018-12-10;;;;;;
;;;;;;
Ämnesgrupper: azo-färgämnen;;;;;;
;;;;;;
"Ämnesnamn	";cas_nr;eg_nr;prioriteringsnivå;kriterie1;kriterie2;kriterie3
Tetranatrium-3,3'-[piperazin-1,4-diylbis[(6-klor-1,3,5-triazin-4,2-diyl)imino](2-acetamido)-4,1-fenylenazo]bisnaftalen-1,5-disulfonat;81898-60-4;400-010-9;Prioriterat riskminskningsämne;Allergiframkallande;;
tetranatrium-5'-(4,6-diklor-5-cyanpyrimidin-2-ylamino)-4'-hydroxi-2,3'-azodinaftalen-1,2'5,7'-disulfonat;;400-130-1;Prioriterat riskminskningsämne;Allergiframkallande;;
Litiumnatriumväte-4-amino-6-[5-(5-klor-2,6-difluorpyrimidin-4-ylamino)-2-sulfonatofenylazo]-5-hydroxi-3-[4-[2-(sulfonatooxi)etylsulfonyl)fenylazo]naftalen-2,7-disulfonat;108624-00-6;401-560-2;Prioriterat riskminskningsämne;Allergiframkallande;;
Hexanatrium-7-[4-[4-[4-(2,5-disulfonatoanilino)-6-fluor-1,3,5-triazin-2-ylamino]-2-metylfenylazo]-7-sulfonatonaftylazo]naftalen-1,3,5-trisulfonat;85665-96-9;401-650-1;Prioriterat riskminskningsämne;Allergiframkallande;;
hydrogen [4-[(5-chloro-4-methyl-2-sulphophenyl)azo]-3-hydroxynaphthalene-2-carboxylato(3-)]cadmate(1-);68966-97-2;273-461-0;Utfasningsämne;Särskilt farliga metaller (Hg, Cd, Pb), Cd; Miljöfarligt, långtidseffekter;
natrium-7-[[[3-[[4-[(2-hydroxinaftyl)azo]fenyl]azo]fenyl]sulfonyl]amino]naftalen-1,3-disulfonat och kalium-7-[[[3-[[4-[(2-hydroxinaftyl)azo]fenyl]azo]fenyl]sulfonyl]amino]naftalen-1,3-disulfonat, blandning;141880-36-6;410-070-8;Prioriterat riskminskningsämne;Allergiframkallande;;
Azobenzen;103-33-3;203-102-5;Utfasningsämne;CMR (kategori 1A och 1B), Cancerframkallande; Mutagena (kategori 2); Miljöfarligt, långtidseffekter
dinatrium-[5-[(4'-((2,6-dihydroxi-3-((2-hydroxi-5-sulfofenyl)azo)fenyl)azo)(1,1'-bifenyl)-4-yl)azo]salicylato(4-)]kuprat(2-);16071-86-6;240-221-1;Utfasningsämne;CMR (kategori 1A och 1B), Cancerframkallande;;
o-aminoazotoluen;97-56-3;202-591-2;Utfasningsämne;CMR (kategori 1A och 1B), Cancerframkallande; Allergiframkallande;
4-Aminoazobenzen;60-09-3;200-453-6;Utfasningsämne;CMR (kategori 1A och 1B), Cancerframkallande; Miljöfarligt, långtidseffekter;
2'-(2-Cyan-4,6-dinitrofenyazo)-5'-(N,N-dipropylamino)propioanilid;106359-94-8;403-010-7;Prioriterat riskminskningsämne;Allergiframkallande;;
2,2-iminodietanol-6-metyl-2-[4-(2,4,6-triaminopyrimidin-5-ylazo)fenyl]benzotiazol-7-sulfonat och N,N-dietylpropan-1,3-diamin-6-metyl-2-[4-(2,4,6-triaminopyrimidin-5-ylazo)fenyl]benzotiazol-7-sulfonat och 2-metylaminoetanol-6-metyl-2-[4-(2,4,6-triaminopyri;114565-65-0;403-410-1;Prioriterat riskminskningsämne;Allergiframkallande;;
[tetranatrium-1-[4-[3-acetamido-4-(4'-nitro-2,2'-disulfonatostilben-4-ylazo)anilino]-6-(2,5-disulfonatoanilino)-1,3,5-triazin-2-yl]-3-karboxipyridinium]hydroxid;115099-55-3;404-250-5;Prioriterat riskminskningsämne;Allergiframkallande;;
Tetranatrium-4-amino-5-hydroxi-6-[3-[2-[2-(sulfonatooxi)etylsulfonyl]etylkarbamoyl]fenylazo]-3-[4-[2-(sulfonatooxi)etylsulfonyl]fenylazo]naftalen-2,7-disulfonat;116889-78-2;404-320-5;Prioriterat riskminskningsämne;Allergiframkallande;;
2-[4-(dietylaminopropylkarbamoyl)fenylazo]-3-oxo-N-(2,3-dihydro-2-oxobenzimidazol-5-yl)butyramid;;404-910-2;Prioriterat riskminskningsämne;Allergiframkallande;;
tetraammonium-5-[4-(7-amino-1-hydroxi-3-sulfonato-2-naftylazo)-6-sulfonato-1-naftylazo]isoftalat;;405-130-5;Prioriterat riskminskningsämne;Allergiframkallande;;
tetralitium-6-amino-4-hydroxi-3-[7-sulfonato-4-(4-sulfonatonaftylazo)-1-naftylazo]naftalen-2,7-disulfonat;106028-58-4;405-150-4;Prioriterat riskminskningsämne;Allergiframkallande;;
Tetrakis(tetrametylammonium)-6-amino-4-hydroxi-3-[sulfonato-4-(4-sulfonatofenylazo)-1-naftylazo]naftalen-2,7-disulfonat;116340-05-7;405-170-3;Prioriterat riskminskningsämne;Allergiframkallande;;
2-[4-(4-cyan-3-metylisotiazol-5-ylazo)-N-etyl-3-metylanilino]etylacetat;;405-480-9;Prioriterat riskminskningsämne;Miljöfarligt, långtidseffekter;;
dinatrium-7-(4,6-diklor-1,3,5-triazin-2-ylamino)-4-hydroxi-3-[4-[2-(sulfonatooxi)etylsulfonyl]fenylazo]naftalin-2-sulfonat;;404-600-7;Prioriterat riskminskningsämne;Allergiframkallande;;
Dinatrium-5,5'-[[1,1'-bifenyl]-4,4'-diylbis(azo)]bis[6-amino-4-hydroxi-2-naftalensulfonat];2586-60-9;;Utfasningsämne;CMR (kategori 1A och 1B), Cancerframkallande;;
2,2'-[[1,1'-bifenyl]-4,4'-diylbis(azo)]bis[N-(4-klorfenyl)-3-oxobutyramid];94249-03-3;304-380-1;Utfasningsämne;CMR (kategori 1A och 1B), Cancerframkallande;;
Natrium-4,4'-[[1,1'-bifenyl]-4,4'-diyldiazo]bis[4,5-dihydro-5-oxo-1-(4-sulfofenyl)-1H-pyrazole-3-karboxylat];94199-52-7;303-425-2;Utfasningsämne;CMR (kategori 1A och 1B), Cancerframkallande;;
C.I. Acid Blue 162;90431-98-4;291-628-6;Utfasningsämne;CMR (kategori 1A och 1B), Cancerframkallande;;
Dinatrium-8,8'-[[1,1'-bifenyl]-4,4'-diylbis(azo)]bis(7-hydroxinaftalensulfonat);2302-97-8;218-959-0;Utfasningsämne;CMR (kategori 1A och 1B), Cancerframkallande;;
[1,1'-Bifenyl]-4,4'-diamin, reaktionsprodukt med 4-(6-metyl-2-benzotiazolyl)benzenamin och svavel;1326-75-6;215-440-0;Utfasningsämne;CMR (kategori 1A och 1B), Cancerframkallande;;
N-(2-Metylfenyl)acetamid, reaktionsprodukt med [1,1'-bifenyl]-4,4'-diamin och svavel, leucoderivat;1326-73-4;215-439-5;Utfasningsämne;CMR (kategori 1A och 1B), Cancerframkallande;;
[1,1'-Bifenyl]-4,4'-diamin, reaktionsprodukt med 4-metyl-1,3-benzendiamin och svavel;1326-63-2;215-436-9;Utfasningsämne;CMR (kategori 1A och 1B), Cancerframkallande;;
[1,1'-Bifenyl]-4,4'-diamin, reaktionsproduk med 1-metyl-2,4-dinitrobenzen och natriumsulfid (Na2(Sx));1326-43-8;215-424-3;Utfasningsämne;CMR (kategori 1A och 1B), Cancerframkallande;;
[1,1'-Biphenyl]-4,4'-diamine, reaction products with 4-(6-methyl-2-benzothiazolyl)benzenamine, 4-(6-methyl[2,6'-bibenzothiazol]-2'-yl)benzenamine and sodium sulfide;90268-15-8;290-814-4;Utfasningsämne;CMR (kategori 1A och 1B), Cancerframkallande;;
dinatrium-4-amino-3-[[4'-(2,4-diaminofenyl)azo][1,1'-bifenyl]-4-yl]azo]-5-hydroxy-6-(fenylazo)naftalen-2,7-disulfonat;1937-37-7;217-710-3;Utfasningsämne;CMR (kategori 1A och 1B), Cancerframkallande;;
Tetranatrium-3,3'-[[1,1'bifenyl]-4,4'-diylbis(azo)bis[5-amino-4-hydroxynaftalen-2,7-disulfonat];2602-46-2;220-012-1;Utfasningsämne;CMR (kategori 1A och 1B), Cancerframkallande;;
Dinatrium-3,3'-[[1,1'bifenyl]-4,4'-diylbis(azo)]bis(4-aminonaftalen-1-sulfonat);573-58-0;209-358-4;Utfasningsämne;CMR (kategori 1A och 1B), Cancerframkallande;;
3,3'-[(3,3'-Dimetoxi-4,4'-bifenylylen)bis(azo)]bis(4-hydroxi-1-naftalensulfonsyra), dilitium salt;75673-34-6;;Utfasningsämne;CMR (kategori 1A och 1B), Cancerframkallande;;
2,2'-[(3,3'-dimetoxi[1,1'-bifenyl]-4,4'-diyl)bis(azo)]bis[N-(4-metoxifenyl)-3-oxobutyramid];85030-59-7;285-185-8;Utfasningsämne;CMR (kategori 1A och 1B), Cancerframkallande;;
1,3-Naphthalenedisulfonic acid, 6,6'-[(3,3'-dimethoxy[1,1'-biphenyl]-4,4'-diyl)bis(azo)]bis[4-amino-5-hydroxy-, tetralithium salt;84559-91-1;283-177-9;Utfasningsämne;CMR (kategori 1A och 1B), Cancerframkallande;;
1,3-Naphthalenedisulfonic acid, 6,6'-[(3,3'-dimethoxy[1,1'-biphenyl]-4,4'-diyl)bis(azo)]bis[4-amino-5-hydroxy-, sodium salt;83763-66-0;280-754-7;Utfasningsämne;CMR (kategori 1A och 1B), Cancerframkallande;;
1,3-Naphthalenedisulfonic acid, 6,6'-[(3,3'-dimethoxy[1,1'-biphenyl]-4,4'-diyl)bis(azo)]bis[4-amino-5-hydroxy-, sodium salt, compd. with 2,2',2''-nitrilotris[ethanol];83763-65-9;280-753-1;Utfasningsämne;CMR (kategori 1A och 1B), Cancerframkallande;;
Litiumnatrium-3,3'-[(3,3'-dimetoxi[1,1'-bifenyl]-4,4'-diyl)bis(azo)]bis[5-amino-4-hydroxi-2,7-naftalendisulfonat;83400-08-2;280-423-7;Utfasningsämne;CMR (kategori 1A och 1B), Cancerframkallande;;
Litiumnatrium-6,6'-[(3,3'-dimetoxi[1,1'-bifenyl]-4,4'-diyl)bis(azo)]bis[4-amino-5-hydroxi-1,3-naftalendisulfonat;83221-70-9;280-249-1;Utfasningsämne;CMR (kategori 1A och 1B), Cancerframkallande;;
4,4'-[(3,3'-dimetoxi[1,1'-bifenyl]-4,4'-diyl)diazo]bis[3-hydroxi-N-1-naftylnaftalen-2-karboxamid];76412-88-9;278-457-2;Utfasningsämne;CMR (kategori 1A och 1B), Cancerframkallande;;
Dibarium-6,6'-[(3,3'-dimetoxi[1,1'-bifenyl]-4,4'-diyl)bis(azo)]bis[4-amino-5-hydroxi-1,3-naftalendisulfonat;85721-17-1;288-428-6;Utfasningsämne;CMR (kategori 1A och 1B), Cancerframkallande;;
3,3'-[(3,3'-Dimetoxi-4,4'-bifenylylen)bis(azo)]bis(4-hydroxi-1-naftalensulfonsyra), litium natrium salt (1:1:1);75673-35-7;;Utfasningsämne;CMR (kategori 1A och 1B), Cancerframkallande;;
1,3-Benzenediol, 5,5'-[(5-hydroxy-1,3-phenylene)bis(oxy)]bis-, coupled with diazotized 3,3'-dimethoxy[1,1'-biphenyl]-4,4'-diamine, sodium salt;98072-75-4;308-531-2;Utfasningsämne;CMR (kategori 1A och 1B), Cancerframkallande;;
3,3'-[(3,3'-Dimetoxi-4,4'-bifenylylen)bis(azo)]bis(5-amino-4-hydroxi-2,7-naftalendisulfonsyra), litium natrium salt (1:3:1);75752-17-9;;Utfasningsämne;CMR (kategori 1A och 1B), Cancerframkallande;;
Ammoniumkaliumnatrium-3,3'-[(3,3'-dimetoxi[1,1'-bifenyl]-4,4'-diyl)bis(azo)]bis[5-amino-4-hydroxinaftalen-2,7-disulfonat];93964-43-3;300-890-3;Utfasningsämne;CMR (kategori 1A och 1B), Cancerframkallande;;
Reaktionsprodukt av  ammoniumhydroxid, kopparsulfat, morfolin och  litium natrium 3,3'-[(3,3'-dimetoxi-4,4'-bifenylylen)bis(azo)bis(5-amino-4-hydroxi-2,7-naftalendisulfonater)];96591-22-9;;Utfasningsämne;CMR (kategori 1A och 1B), Cancerframkallande;;
Benzoic acid, 2-hydroxy-, coupled with diazotized 3,3'-dimethoxy[1,1'-biphenyl]-4,4'-diamine and 5,5'-[(5-hydroxy-1,3-phenylene)bis(oxy)]bis[1,3-benzenediol], sodium salts;97952-82-4;308-377-6;Utfasningsämne;CMR (kategori 1A och 1B), Cancerframkallande;;
Benzoic acid, 2-hydroxy-, coupled with diazotized 3,3'-dimethoxy[1,1'-biphenyl]-4,4'-diamine and 5,5'-[oxybis[(5-hydroxy-3,1-phenylene)oxy]]bis[1,3-benzenediol], sodium salts;97952-84-6;308-379-7;Utfasningsämne;CMR (kategori 1A och 1B), Cancerframkallande;;
Benzensulfonsyra, 3,3'-[(3,3'-dimetoxyi1,1'-bfhenyl]-4,4'-diyl)bis(azo)]bis[4,6-diamino-, natrium salt, reaktionsprodukt med .alfa.,.alfa.',.alfa.''-(nitrilotri-2,1-etandiyl)tris[.omega.-hydroxipoly(oxi-1,2-etandiyl)];72869-88-6;;Utfasningsämne;CMR (kategori 1A och 1B), Cancerframkallande;;
1,3-Benzenediol, 5,5'-oxybis-, coupled with diazotized 3,3'-dimethoxy[1,1'-biphenyl]-4,4'-diamine, sodium salt;98072-76-5;308-532-8;Utfasningsämne;CMR (kategori 1A och 1B), Cancerframkallande;;
1,3-Benzenediol, 5,5'-[oxybis[(5-hydroxy-3,1-phenylene)oxy]]bis-, coupled with diazotized 3,3'-dimethoxy[1,1'-biphenyl]-4,4'-diamine, sodium salt;98072-77-6;308-533-3;Utfasningsämne;CMR (kategori 1A och 1B), Cancerframkallande;;
2,7-Naphthalenedisulfonic acid, 4-amino-5-hydroxy-, coupled with diazotized 2'-(4-aminophenyl)-6-methyl[2,6'-bibenzothiazole]-7-sulfonic acid, diazotized 3,3'-dimethoxy[1,1'-biphenyl]-4,4'-diamine and 5,5'-[(5-hydroxy-1,3-phenylene)bis(oxy)]bis[1,3-b;98072-95-8;308-552-7;Utfasningsämne;CMR (kategori 1A och 1B), Cancerframkallande;;
2,7-Naphthalenedisulfonic acid, 4-amino-5-hydroxy-, coupled with diazotized 2'-(4-aminophenyl)-6-methyl[2,6'-bibenzothiazole]-7-sulfonic acid, diazotized 3,3'-dimethoxy[1,1'-biphenyl]-4,4'-diamine and 5,5'-[oxybis[(5-hydroxy-3,1-phenylene)oxy]]bis[1,;98072-97-0;308-554-8;Utfasningsämne;CMR (kategori 1A och 1B), Cancerframkallande;;
2,7-Naphthalenedisulfonic acid, 4-amino-5-hydroxy-, coupled with diazotized 3,3'-dimethoxy[1,1'-biphenyl]-4,4'-diamine and 5,5'-[(5-hydroxy-1,3-phenylene)bis(oxy)]bis[1,3-benzenediol], sodium salts;98073-01-9;308-559-5;Utfasningsämne;CMR (kategori 1A och 1B), Cancerframkallande;;
2,7-Naphthalenedisulfonic acid, 4-amino-5-hydroxy-, coupled with diazotized 3,3'-dimethoxy[1,1'-biphenyl]-4,4'-diamine and 5,5'-oxybis[1,3-benzenediol], sodium salts;98073-02-0;308-560-0;Utfasningsämne;CMR (kategori 1A och 1B), Cancerframkallande;;
Benzoic acid, 2-hydroxy-, coupled with diazotized 3,3'-dimethoxy[1,1'-biphenyl]-4,4'-diamine and 5,5'-oxybis[1,3-benzenediol], sodium salts;97952-83-5;308-378-1;Utfasningsämne;CMR (kategori 1A och 1B), Cancerframkallande;;
tetranatrium-3,3'-[(3,3'-dimetoxi[1,1'-bifenyl]-4,4'-diyl)bis(azo)]bis[4,5-dihydroxinaftalen-2,7-disulfonat];4198-19-0;224-091-3;Utfasningsämne;CMR (kategori 1A och 1B), Cancerframkallande;;
4,4'-[(3,3'-dimetoxi[1,1'-bifenyl]-4,4'-diyl)bis(azo)]bis[3-hydroxi-N-fenylnaftalen-2-karboxamid];10127-03-4;233-354-1;Utfasningsämne;CMR (kategori 1A och 1B), Cancerframkallande;;
2,2'-[3,3'-Dimetoxi[1,1'-bifenyl]-4,4'-diyl)bis(azo)]bis[N-(4-klorfenyl)-3-oxobutanamid];17453-73-5;241-469-3;Utfasningsämne;CMR (kategori 1A och 1B), Cancerframkallande;;
dinatrium-3,3'-[(3,3'-dimetoxi[1,1'-bifenyl]-4,4'-diyl)bis(azo)]bis(4-hydroxinaftalen-1-sulfonat);2429-71-2;219-382-7;Utfasningsämne;CMR (kategori 1A och 1B), Cancerframkallande;;
tetra-natrium-3,3'-[(3,3'-dimetoxi[1,1'-bifenyl]-4,4'-diyl)bis(azo)]bis[5-amino-4-hydroxinaftalen-2,7-disulfonat];2429-74-5;219-385-3;Utfasningsämne;CMR (kategori 1A och 1B), Cancerframkallande;;
2,7-Naftalendisulfonsyra, 2,2'-[(3,3'-dimetoxi[1,1'-bifenyl]-4,4'-diyl)bis(azo)]bis[4,5-dihydroxi-;25180-23-8;;Utfasningsämne;CMR (kategori 1A och 1B), Cancerframkallande;;
tetra-natrium-6,6'-[(3,3'-dimetoxi[1,1'-bifenyl]-4,4'-diyl)bis(azo)]bis[4-amino-5-hydroxinaftalen-1,3-disulfonat];2610-05-1;220-026-8;Utfasningsämne;CMR (kategori 1A och 1B), Cancerframkallande;;
3,3'-[(3,3'-Dimetoxi-4,4'-bifenylen)bis(azo)]bis(5-amino-4-hydroxi-2,7-naftalendisulfonsyrad), litium natrium salt (1:2:2);75659-73-3;;Utfasningsämne;CMR (kategori 1A och 1B), Cancerframkallande;;
6,6'-[(3,3'-dimetoxi[1,1'-bifenyl]-4,4'-diyl)bis(azo)]bis[4-amino-5-hydroxinaftalen-1,3-disulfon]-syra;3841-14-3;223-333-5;Utfasningsämne;CMR (kategori 1A och 1B), Cancerframkallande;;
3,3'-[(3,3'-Dimetoxi-4,4'-bifenylylen)bis(azo)]bis(5-amino-4-hydroxi-2,7-naftalendisulfonsyra), litium natrium salt (1:1:3);75659-72-2;;Utfasningsämne;CMR (kategori 1A och 1B), Cancerframkallande;;
4,4'-[(3,3'-dimetoxi[1,1'-bifenyl]-4,4'-diyl)bis(azo)]bis[3-hydroxi-N-(2-metoxifenyl)naftalen-2-karboxamid];5437-88-7;226-614-0;Utfasningsämne;CMR (kategori 1A och 1B), Cancerframkallande;;
Dietyl-4,4'-[(3,3'-dimetoxi[1,1'-bifenyl]-4,4'-diyl)bis(azo)]bis[4,5-dihydro-5-oxo-1-fenyl-1H-pyrazol-3-karboxylat];6358-90-3;228-790-4;Utfasningsämne;CMR (kategori 1A och 1B), Cancerframkallande;;
2,2'-[(3,3'-dimetoxi[1,1'-bifenyl]-4,4'-diyl)bis(azo)]bis[3-oxo-N-fenylbutyramid];6505-28-8;229-388-1;Utfasningsämne;CMR (kategori 1A och 1B), Cancerframkallande;;
Tetralitium-3,3'-[(3,3'-dimetoxi[1,1'-bifenyl]-4,4'-diyl)bis(azo)]bis[5-amino-4-hydroxinaftalen-2,7-disulfonat];71550-22-6;275-603-7;Utfasningsämne;CMR (kategori 1A och 1B), Cancerframkallande;;
di-natrium-3,3'-[(3,3'-dimetoxi[1,1'-bifenyl]-4,4'-diyl)bis(azo)]bis(4-aminonaftalen-1-sulfonat);2868-75-9;220-691-4;Utfasningsämne;CMR (kategori 1A och 1B), Cancerframkallande;;
2,2'-[(3,3'-dimetoxi[1,1'-bifenyl]-4,4'-diyl)bis(azo)]bis[N-(klorfenyl)-3-oxo-butanamid;72845-99-9;;Utfasningsämne;CMR (kategori 1A och 1B), Cancerframkallande;;
4,4'-[(3,3'-dimetoxi[1,1'-bifenyl]-4,4'-diyl)bis(azo)]bis[2,4-dihydro-5-metyl-2-fenyl-3H-pyrazol-3-on];6505-29-9;229-389-7;Utfasningsämne;CMR (kategori 1A och 1B), Cancerframkallande;;
2,2'-[(3,3'-dimetoxi[1,1'-bifenyl]-4,4'-diyl)bis(azo)]bis[N-(2-metylfenyl)-3-oxobutyramid];7147-42-4;230-458-9;Utfasningsämne;CMR (kategori 1A och 1B), Cancerframkallande;;
3,3'-[(3,3'-dimethoxy[1,1'-biphenyl]-4,4'-diyl)diazo]bis[5-amino-4-hydroxynaphthalene-2,7-disulphonic] acid, sodium salt;68966-50-7;273-439-0;Utfasningsämne;CMR (kategori 1A och 1B), Cancerframkallande;;
3,3'-[(3,3'-dimethoxy[1,1'-biphenyl]-4,4'-diyl)diazo]bis[5-amino-4-hydroxynaphthalene-2,7-disulphonic] acid, sodium salt, compound with 2,2'-iminodiethanol;68966-43-8;273-433-8;Utfasningsämne;CMR (kategori 1A och 1B), Cancerframkallande;;
4,4'-[(3,3'-dimetoxi[1,1'-bifenyl]-4,4'-diyl)bis(azo)]bis[2,4-dihydro-5-metyl-2-(p-tolyl)-3H-pyrazol-3-on];6883-91-6;229-986-2;Utfasningsämne;CMR (kategori 1A och 1B), Cancerframkallande;;
2,2'-[(3,3'-dimetoxi[1,1'-bifenyl]-4,4'-diyl)bis(azo)]bis[N-(2-klorfenyl)-3-oxobutyramid];68703-78-6;272-098-5;Utfasningsämne;CMR (kategori 1A och 1B), Cancerframkallande;;
2,2'-[(3,3'-dimetoxi[1,1'-bifenyl]-4,4'-diyl)bis(azo)]bis[N-(2,4-dimetylfenyl)-3-oxobutyramid];6837-37-2;229-920-2;Utfasningsämne;CMR (kategori 1A och 1B), Cancerframkallande;;
2,7-Naphthalenedisulfonic acid, 3,3'-[(3,3'-dimethoxy[1,1'-biphenyl]-4,4'-diyl)bis(azo)]bis[5-(acetylamino)-4-hydroxy-, tetrasodium salt;67906-44-9;267-711-8;Utfasningsämne;CMR (kategori 1A och 1B), Cancerframkallande;;
2,7-Naphthalenedisulfonic acid, 4,4'-[(3,3'-dimethoxy[1,1'-biphenyl]-4,4'-diyl)bis(azo)]bis[3-hydroxy-, tetrasodium salt;65151-33-9;265-533-5;Utfasningsämne;CMR (kategori 1A och 1B), Cancerframkallande;;
Benzoic acid, 2-amino-, diazotized, coupled with 4-amino-5-hydroxy-2,7-naphthalenedisulfonic acid, diazotized 3,3'-dimethyl[1,1'-biphenyl]-4,4'-diamine and 5,5'-[(5-hydroxy-1,3-phenylene)bis(oxy)]bis[1,3-benzenediol], sodium salt;98072-78-7;308-534-9;Utfasningsämne;CMR (kategori 1A och 1B), Cancerframkallande;;
Benzoic acid, 2-amino-, diazotized, coupled with 4-amino-5-hydroxy-2,7-naphthalenedisulfonic acid, diazotized 3,3'-dimethyl[1,1'-biphenyl]-4,4'-diamine and 5,5'-oxybis[1,3-benzenediol], sodium salt;98072-79-8;308-535-4;Utfasningsämne;CMR (kategori 1A och 1B), Cancerframkallande;;
Benzoic acid, 2-amino-, diazotized, coupled with 4-amino-5-hydroxy-2,7-naphthalenedisulfonic acid, diazotized 3,3'-dimethyl[1,1'-biphenyl]-4,4'-diamine and 5,5'-[oxybis[(5-hydroxy-3,1-phenylene)oxy]]bis[1,3-benzenediol], sodium salt;98072-80-1;308-537-5;Utfasningsämne;CMR (kategori 1A och 1B), Cancerframkallande;;
4,4'-(4-Iminocyklohexa-2,5-dienylidenmetylen)dianilinhydroklorid;569-61-9;209-321-2;Utfasningsämne;CMR (kategori 1A och 1B), Cancerframkallande;;
1,4,5,8-Tetraaminoantrakinon;2475-45-8;219-603-7;Utfasningsämne;CMR (kategori 1A och 1B), Cancerframkallande; Allergiframkallande;
N-(5-(Bis(2-metoxietyl)amino)-2-((5-nitro-2,1-benzisotiazol-3-yl)azo)fenylacetamid;105076-77-5;402-430-8;Prioriterat riskminskningsämne;Miljöfarligt, långtidseffekter;;
2-(4-(5,6(eller 6,7)-diklor-1,3-benzotiazol-2-ylazo)-N-metyl-m-toluidino)etylacetat;;405-440-0;Prioriterat riskminskningsämne;Allergiframkallande;;
3(eller 5)-(4-(N-benzyl-N-etylamino)-2-metylfenylazo)-1,4-dimetyl-1,2,4-triazoliummetylsulfat;124584-00-5;406-055-0;Prioriterat riskminskningsämne;Allergiframkallande;;
7-[((4,6-diklor-1,3,5-triazin-2-yl)amino)-4-hydroxi-3-(4-((2-sulfoxi)etyl)sulfonyl)fenylazo]-2-naftalensulfonsyra;117715-57-8;407-050-6;Prioriterat riskminskningsämne;Allergiframkallande;;
3-(5-acetylamino-4-(4-[4,6-bis(3-dietylaminopropylamino)-1,3,5-triazin-2-ylamino]fenylazo)-2-(2-metoxietoxi)fenylazo)-6-amino-4-hydroxi-2-naftalensulfonsyra;115099-58-6;407-670-7;Prioriterat riskminskningsämne;Miljöfarligt, långtidseffekter;;
2-[[4[[4,6-bis[[3-(dietylamino)propyl]amino]-1,3,5-triazin-2-yl]amino]fenyl]azo]-N-(2,3-dihydro-2-oxo-1H-benzimidazol-5-yl)-3-oxobutanamid;98809-11-1;407-680-1;Prioriterat riskminskningsämne;Allergiframkallande;;
2-[4-[N-(4-acetoxibutyl)-N-etyl]amino-2-metylfenylazo]-3-acetyl-5-nitrotiofen;;404-830-8;Prioriterat riskminskningsämne;Miljöfarligt, långtidseffekter;;
4,4'-diamino-2-metylazobenzen;43151-99-1;407-590-2;Prioriterat riskminskningsämne;Allergiframkallande; Miljöfarligt, långtidseffekter;
N-[4-[(2-hydroxi-5-metylfenyl)azo]fenyl]acetamid;2832-40-8;220-600-8;Prioriterat riskminskningsämne;Allergiframkallande;;
1-fenylazo-2-naftol;842-07-9;212-668-2;Prioriterat riskminskningsämne;Allergiframkallande; Mutagena (kategori 2); Miljöfarligt, långtidseffekter
6-hydroxi-1-(3-isopropoxipropyl)-4-metyl-2-oxo-5-[4-(fenylazo)fenylazo]-1,2-dihydro-3-pyridinkarbonitril;85136-74-9;400-340-3;Utfasningsämne;CMR (kategori 1A och 1B), Cancerframkallande; Miljöfarligt, långtidseffekter;
(6-(4-hydroxi-3-(2-metoxifenylazo)-2-sulfonato-7-naftylamino)-1,3,5-triazin-2,4-diyl)bis[(amino-1-metyletyl)ammonium]format;108225-03-2;402-060-7;Utfasningsämne;CMR (kategori 1A och 1B), Cancerframkallande;;
oktanatrium-2-(6-(4-klor-6-(3-(N-metyl-N-(4-klor-6-(3,5-disulfonato-2-naftylazo)-1-hydroxi-6-naftylamino)-1,3,5-triazin-2-yl)aminometyl)fenylamino)-1,3,5-triazin-2-ylamino)-3,5-disulfonato-1-hydroxi-2-naftylazo)naftalen-1,5-disulfonat;148878-21-1;412-960-1;Prioriterat riskminskningsämne;Allergiframkallande;;
tetranatrium-5-[4-klor-6-(N-etylanilino)-1,3,5-triazin-2-ylamino]-4-hydroxi-3-(1,5-disulfonatonaftalen-2-ylazo)naftalen-2,7-disulfonat;130201-57-9;411-540-5;Prioriterat riskminskningsämne;Allergiframkallande;;
Dimetyl-3,3'-(N-(4-(4-brom-2,6-dicyanofenylazo)-3-hydroxifenyl)iminno)dipropionat;122630-55-1;407-310-9;Prioriterat riskminskningsämne;Miljöfarligt, långtidseffekter;;
dilitiumdinatrium-[5,5'-diamino-[£my£-4,4'-dihydroxi-1:2-£kappa£-2,O4,O4'-3,3'-[3,3'-dihydroxi-1:2-£kappa£-2,O3,O3'-bifenyl-4,4'-ylenbisazo-1:2-[N3,N4-£eta£:N3',N4'-£eta£]]dinaftalen-2,7-disulfonato(8)]]dikuprat(2-);126637-70-5;407-230-4;Prioriterat riskminskningsämne;Allergiframkallande;;
(2,2'-(3,3'-dioxidobifenyl-4-4'diyldiazo)bis(6-(4-(3-(dietylamino)propylamino)-6-(3-(dietylamino)propylamino)-1,3,5-triazin-2-ylamino)-3-sulfonato-1-naftolato))dikoppar(II)acetatlaktat;159604-94-1;407-240-9;Prioriterat riskminskningsämne;Allergiframkallande;;
Natrium-3-(2-acetamid-4-(4-(2-hydroxibutoxi)fenylazo)fenylazo)benzensulfonat;147703-65-9;410-150-2;Prioriterat riskminskningsämne;Allergiframkallande;;
tetranatrium-[7-(2,5-dihydroxi-.kappa.O2-7-sulfonato-6-[4-(2,5,6-triklorpyrimidin-4-ylamino)fenylazo]-(N1,N7-N)-1-naftylazo)-8-hydroxi-.kappa.O8-naftalen-1,3,5-trisulfonato(6-)]kuprat(II);141048-13-7;411-470-5;Prioriterat riskminskningsämne;Allergiframkallande;;
Natrium-2-(4-(4-fluor-6-(2-sulfoetylamino)-1,3,5-triazin-2-ylamino)-2-ureidofenylazo)-5-(4-sulfofenylazo)benzen-1-sulfonat;146177-84-6;410-770-3;Prioriterat riskminskningsämne;Allergiframkallande;;
2-[2-acetylamino-4-[N,N-bis[2-etoxikarbonyloxi)etyl]amino]fenylazo]-5,6-diklor-1,3-benzotiazol och 2-[2-acetylamino-4-[N,N-bis[2-etoxikarbonyloxi)etyl]amino]fenylazo]-6,7-diklor-1,3-benzotiazol (1:1), blandning;143145-93-1;411-600-0;Prioriterat riskminskningsämne;Miljöfarligt, långtidseffekter;;
natrium-5-[8-[4-[4-[4-[7-(3,5-dikarboxylatofenylazo)-8-hydroxi-3,6-disulfonatonaftalen-1-ylamino]-6-hydroxi-1,3,5-triazin-2-yl]-2,5-dimetylpiperazin-1-yl]-6-hydroxi-1,3,5-triazin-2-ylamino]-1-hydroxi-3,6-disulfonatonaftalen-2-ylazo]isoftalat och ammonium-5-[8-[4-[4-[4-[7-(3,5-dikarboxylatofenylazo)-8-hydroxi-3,6-disulfonatonaftalen-1-ylamino]-6-hydroxi-1,3,5-triazin-2-yl]-2,5-dimetylpiperazin-1-yl]-6-hydroxi-1,3,5-triazin-2-ylamino]-1-hydroxi-3,6-disulfonatonaftalen-2-ylazo]isoftalat och 5-[8-[4-[4-[4-[7-(3,5-dikarboxylatofenylazo)-8-hydroxi-3,6-disulfonatonaftalen-1-ylamino]-6-hydroxi-1,3,5-triazin-2-yl]-2,5-dimetylpiperazin-1-yl]-6-hydroxi-1,3,5-triazin-2-ylamino]-1-hydroxi-3,6-disulfonatonaftalen-2-ylazo]isoftalsyra, blandning;;413-180-4;Prioriterat riskminskningsämne;Allergiframkallande;;
dinatrium-5-[5-[4-(5-klor-2,6-difluorpyrimidin-4-ylamino)benzamido]-2-sulfonatofenylazo]-1-etyl-6-hydroxi-4-metyl-2-oxo-3-pyridylmetylsulfonat;;412-530-3;Prioriterat riskminskningsämne;Allergiframkallande;;
trinatrium[4'-(8-acetylamino-3,6-disulfonato-2-naftylazo)-4''-(6-benzoylamino-3-sulfonato-2-naftylazo)bifenyl-1,3',3'',1'''-tetralato-O,O',O''O''']koppar(II);164058-22-4;413-590-8;Utfasningsämne;CMR (kategori 1A och 1B), Cancerframkallande;;
En blandning av dinatrium-(6-(4-anisidino)-3-sulfonato-2-(3,5-dinitro-2-oxidofenylazo)-1-naftolato)(1-(5-klor-2-oxidofenylazo)-2-naftolato)kromat(1-) och trinatriumbis(5-(4-anisidino)-3-sulfonato-2-(3,5-dinitro-2-oxidofenylazo)-1-naftolato)kromat(1-);118685-33-9;405-665-4;Prioriterat riskminskningsämne;Allergiframkallande; Miljöfarligt, långtidseffekter;
natrium/kalium(3-(4-(5-(5-klor-2,6-difluorpyrimidin-4-ylamino)-2-metoxi-3-sulfonatofenylazo)-2-oxidofenylazo)-2,5,7-trisulfonato-4-naftolato)koppar(II) och natrium/kalium(3-(4-(5-(5-klor-4,6-difluorpyrimidin-2-ylamino)-2-metoxi-3-sulfonatofenylazo)-2-oxidofenylazo)-2,5,7-trisulfonato-4-naftolato)koppar(II), blandning;;407-100-7;Prioriterat riskminskningsämne;Allergiframkallande;;
2-[N-etyl-4-[(5,6-diklorbenzotiazol-2-yl)azo]-m-toluidino]etylacetat och 2-[N-etyl-4-[(6,7-diklorbenzotiazol-2-yl)azo]-m-toluidino]etylacetat (1:1), blandning;;411-560-4;Prioriterat riskminskningsämne;Allergiframkallande; Hög kronisk giftighet;
 N-(4-klorfenyl)-4-[[2,5-diklor-4-[(dimetylamino)sulfonyl]fenyl]azo]-3-hydroxi-2-naftalenkarboxamid;85776-14-3;412-550-2;Prioriterat riskminskningsämne;Miljöfarligt, långtidseffekter;;
5-[(2-cyano-4-nitrofenyl)azo]-2-[(2-hydroxietyl)amino]-4-metyl-6-[[3-(2-fenoxietoxi)propyl]amino]-3-pyridinkarbonitril;61799-13-1;411-880-4;Prioriterat riskminskningsämne;Allergiframkallande;;
3-((5-cyano-1,6-dihydro-1,4-dimetyl-2-hydroxi-6-oxo-3-pyridinyl)azo)benzyloxi-2-etylfenol och 3-((5-cyano-1,6-dihydro-1,4-dimetyl-2-hydroxi-6-oxo-3-pyridinyl)azo)benzyloxi-2-etyloxi-2-etylfenol, blandning;;411-710-9;Prioriterat riskminskningsämne;Miljöfarligt, långtidseffekter;;
Natrium(1.0-1.95)/litium(0.05-1)-5-((5-((5-klor-6-fluorpyrimidin-4-yl)amino)-2-sulfonatfenyl)azo)-1,2-dihydro-6-hydroxi-1,4-dimetyl-2-oxo-3-pyridinmetylsulfonat;134595-59-8;413-470-0;Prioriterat riskminskningsämne;Allergiframkallande;;
1,3-dihydroxi-4-[(5-fenylaminosulfonyl)-2-hydroxifenylazo]-n-(5-aminosulfonyl-2-hydroxifenylazo)benzen, järn (1:2) komplex, (n är 2, 5 eller 6), isomerblandning och 1,3-dihydroxi-4-[(5-fenylaminosulfonyl)-2-hydroxifenylazo]-n-[4-(4-nitro-2-sulfofenylamino)fenylazo]benzen, järn (1:2) komplex, (n är 2, 5 eller 6), isomerblandning, blandning;;414-150-3;Prioriterat riskminskningsämne;Allergiframkallande;;
4,4'-[(3,3'-diklor[1,1'-bifenyl]-4,4'-diyl)bis(azo)]bis[2,4-dihydro-5-metyl-2-fenyl-3H-pyrazol-3-on];3520-72-7;222-530-3;Prioriterat riskminskningsämne;Potentiella PBT/vPvB;;
2,2'-[(3,3'-diklor[1,1'-bifenyl]-4,4'-diyl)bis(azo)]bis[N-(2,4-dimetylfenyl)-3-oxobutyramid];5102-83-0;225-822-9;Prioriterat riskminskningsämne;Potentiella PBT/vPvB;;
2,2'-[(3,3'-Diklor[1,1'-bifenyl]-4,4'-diyl)bis(azo)]bis[N-(2-metylfenyl)-3-oxobutyramid];5468-75-7;226-789-3;Prioriterat riskminskningsämne;Potentiella PBT/vPvB;;
2,2'-[(3,3'-diklor[1,1'-bifenyl]-4,4'-diyl)bis(azo)]bis[N-(4-klor-2,5-dimetoxifenyl)-3-oxobutyramid];5567-15-7;226-939-8;Prioriterat riskminskningsämne;Potentiella PBT/vPvB;;
trinatriumbis[(3'-nitro-5'-sulfonato(6-amino-2-[4-(2-hydroxi-1-naftylazo)fenylsulfonylamino]pyrimidin-5-azo)benzen-2',4-diolat)]kromat(III);;418-220-4;Prioriterat riskminskningsämne;Allergiframkallande;;
1,2-bis[4-fluor-6-[4-sulfo-5-(2-(4-sulfonaftalen-3-ylazo)-1-hydroxi-3,6-disulfo-8-aminonaftalen-7-ylazo)fenylamino]-1,3,5-triazin-2-ylamino]etannatrium:kaliumsalter (7,755:0,245);155522-09-1;417-610-1;Prioriterat riskminskningsämne;Allergiframkallande;;
2-fenoxietyl-4-((5-cyano-1,6-dihydro-2-hydroxi-1,4-dimetyl-6-oxo-3-pyridinyl)azo)bensoat;88938-37-8;414-260-1;Prioriterat riskminskningsämne;Miljöfarligt, långtidseffekter;;
metyl-2-[4-(2-klor-4-nitrofenylazo)-3-(1-oxopropyl)amino]fenylaminopropionat;155522-12-6;416-240-8;Prioriterat riskminskningsämne;Allergiframkallande; Miljöfarligt, långtidseffekter;
natrium-4-[4-(4-hydroxifenylazo)fenylamino]-3-nitrobenzensulfonat;156738-27-1;416-370-5;Prioriterat riskminskningsämne;Allergiframkallande; Miljöfarligt, långtidseffekter;
4-[4-amino-5-hydroxi-3-(4-(2-sulfoxietylsulfonyl)fenylazo)-2,7-disulfonaft-6-ylazo]-6-[3-(4-amino-5-hydroxi-3-(4-(2-sulfoxietylsulfonyl)fenylazo)-2,7-disulfonaft-6-ylazo]fenylkarbonylamino]benzensulfonsyranatriumsalt;161935-19-9;417-640-5;Prioriterat riskminskningsämne;Allergiframkallande;;
mononatrium-4-((4-(5-sulfonato-2-metoxifenylamino)-6-klor-1,3,5-triazin-2-yl)amino)-2-((1,4-dimetyl-6-oxido-2-oxo-5-sulfonatometyl-1,2-dihydropyridin-3-yl)azo)benzensulfonat, dinatrium-4-((4-(5-sulfonato-2-metoxifenylamino)-6-klor-1,3,5-triazin-2-yl)amino)-2-((1,4-dimetyl-6-oxido-2-oxo-5-sulfonatometyl-1,2-dihydropyridin-3-yl)azo)benzensulfonat, trinatrium-4-((4-(5-sulfonato-2-metoxifenylamino)-6-klor-1,3,5-triazin-2-yl)amino)-2-((1,4-dimetyl-6-oxido-2-oxo-5-sulfonatometyl-1,2-dihydropyridin-3-yl)azo)benzensulfonat och tetranatrium-4-((4-(5-sulfonato-2-metoxifenylamino)-6-klor-1,3,5-triazin-2-yl)amino)-2-((1,4-dimetyl-6-oxido-2-oxo-5-sulfonatometyl-1,2-dihydropyridin-3-yl)azo)benzensulfonat, blandning;;419-450-8;Prioriterat riskminskningsämne;Allergiframkallande;;
tetranatrium-7-(4-[4-klor-6-[metyl(3-sulfonatofenyl)amino]-1,3,5-triazin-2-ylamino]-2-ureidofenylazo)naftalen-1,3,6-trisulfonat och tetranatrium-7-(4-[4-klor-6-[metyl(4-sulfonatofenyl)amino]-1,3,5-triazin-2-ylamino]-2-ureidofenylazo)naftalen-1,3,6-trisulfonat, blandning (50/50);148878-18-6;412-940-2;Prioriterat riskminskningsämne;Allergiframkallande;;
trinatrium-4-benzoylamino-6-(6-etensulfonyl-1-sulfatonaftalen-2-ylazo)-5-hydroxinaftalen-2,7-disulfonat, 5-(benzoylamino)-4-hydroxi-3-((1-sulfo-6-((2-(sulfoxi)etyl)sulfonyl)-2-naftyl)azo)naftalen-2,7-disulfonsyra, natriumsalt och 5-(benzoylamino)-4-hydroxi-3-((1-sulfo-6-((2-(sulfoxi)etyl)sulfonyl)-2-naftyl)azo)naftalen-2,7-disulfonsyra, blandning;;423-200-3;Prioriterat riskminskningsämne;Allergiframkallande;;
natriumkalium-4-(3-aminopropylamino)-2,6-bis[3-(4-metoxi-2-sulfofenylazo)-4-hydroxi-2-sulfo-7-naftylamino]-1,3,5-triazin;156769-97-0;416-280-6;Prioriterat riskminskningsämne;Allergiframkallande;;
(metylenbis(4,1-fenylenazo(1-(3-(dimetylamino)propyl)-1,2-dihydro-6-hydroxi-4-metyl-2-oxopyridin-5,3-diyl)))-1,1'-dipyridiniumdikloriddihydroklorid;;401-500-5;Utfasningsämne;CMR (kategori 1A och 1B), Cancerframkallande;;
2'-(4-klor-3-cyan-5-formyl-2-tienyl)azo-5'-dietylaminoacetanilid;104366-25-8;405-200-5;Prioriterat riskminskningsämne;Allergiframkallande;;
trinatrium(1-(3-karboxylato-2-oxido-5-sulfonatofenylazo)-5-hydroxi-7-sulfonatonaftalen-2-amido)nickel(II);;407-110-1;Prioriterat riskminskningsämne;Allergiframkallande;;
trinatrium(2,4(eller 2,6 eller 4,6)-bis(3,5-dinitro-2-oxidofenylazo)-5-hydroxifenolato)(2(eller 4 eller 6)-(3,5-dinitro-2-oxidofenylazo)-5-hydroxi-4(eller 2 eller 6)-(4-(4-nitro-2-sulfonatoanilino)fenylazo)fenolato)ferrat(1-), trinatriumbis(2,4(eller 2,6 eller 4,6)-bis(3,5-dinitro-2-oxidofenylazo)-5-hydroxifenolato)ferrat(1-), trinatrium(2,4(eller 2,6 eller 4,6)-bis(3,5-dinitro-2-oxidofenylazo)-5-hydroxifenolato)(2(eller 4 eller 6)-(3,5-dinitro-2-oxidofenylazo)-5-hydroxi-4(eller 2 eller 6)-(4-nitro-2-sulfonatofenylazo)fenolato)ferrat(1-), trinatrium(2,4(eller 2,6 eller 4,6)-bis(3,5-dinitro-2-oxidofenylazo)-5-hydroxifenolato)(2(eller 4 eller 6)-(3,5-dinitro-2-oxidofenylazo)-5-hydroxi-4(eller 2 eller 6)-(3-sulfonatofenylazo)fenolato)ferrat(1-) och dinatrium-3,3'-(2,4-dihydroxi-1,3(eller 1,5 eller 3,5)-fenylendiazo)dibenzensulfonat, blandning;;406-870-1;Prioriterat riskminskningsämne;Allergiframkallande; Miljöfarligt, långtidseffekter;
natrium-4-(4-klor-6-(N-etylanilino)-1,3,5-triazin-2-ylamino)-2-(1-(2-klorfenyl)-5-hydroxi-3-metyl-1H-pyrazol-4-ylazo)benzensulfonat;136213-75-7;407-800-2;Prioriterat riskminskningsämne;Allergiframkallande; Miljöfarligt, långtidseffekter;
kaliumnatrium-4-(4-klor-6-(3,6-disulfonato-7-(5,8-disulfonatonaftalen-2-ylazo)-8-hydroxinaftalen-1-ylamino)-1,3,5-triazin-2-ylamino)-5-hydroxi-6-(4-(2-sulfatoetansulfonyl)fenylazo)naftalen-1,7-disulfonat;;412-490-7;Prioriterat riskminskningsämne;Allergiframkallande;;
tetranatrium/litium-4,4'-bis(8-amino-3,6-disulfonato-1-naftol-2-ylazo)-3-metylazobenzen;124605-82-9;408-210-8;Prioriterat riskminskningsämne;Allergiframkallande; Miljöfarligt, långtidseffekter;
dinatrium-2-[[4-(2-kloretylsulfonyl)fenyl][(2-hydroxi-5-sulfo-3-[3-[2-(2-(sulfooxi)etylsulfonyl)etylazo]-4-sulfobenzoato(3-)kuprat(1-);;414-230-8;Prioriterat riskminskningsämne;Allergiframkallande;;
tetranatrium-4-hydroxi-5-[4-[3-(2-sulfatoetansulfonyl)fenylamino]-6-morfolin-4-yl-1,3,5-triazin-2-ylamino]-3-(1-sulfonatonaftalen-2-ylazo) naftalen-2,7-disulfonat;;413-070-6;Prioriterat riskminskningsämne;Allergiframkallande;;
trinatrium-5-[4-klor-6-[2-(2,6-diklor-5-cyanopyrimidin-4-ylamino)propylamino]-1,3,5-triazin-2-ylamino]-4-hydroxi-3-(1-sulfonatonaftalen-2-ylazo)naftalen-2,7-disulfonat;#VÄRDEFEL!;#VÄRDEFEL!;;; trinatrium-5-[4-klor-6-[2-(2,6-diklor-5-cyanopyrimidin-4-ylamino)-1-metyletylamino]-1,3,5-triazin-2-ylamino]-4-hydroxi-3-(1-sulfonatonaftalen-2-ylazo)naftalen-2,7-disulfonat;" trinatrium-5-[4-klor-6-[2-(4,6-diklor-5-cyanopyrimidin-2-ylamino)propylamino]-1,3,5-triazin-2-ylamino]-4-hydroxi-3-(1-sulfonatonaftalen-2-ylazo)naftalen-2,7-disulfonat och trinatrium-5-[4-klor-6-[2-(4,6-diklor-5-cyanopyrimidin-2-ylamino)-1-metyletylamino]-1,3,5-triazin-2-ylamino]-4-hydroxi-3-(1-sulfonatonaftalen-2-ylazo)naftalen-2,7-disulfonat, blandning	'157627-97-9	'414-620-8	Prioriterat riskminskningsämne	Allergiframkallande"
1,3-bis[6-fluor-4-[1,5-disulfo-4-(3-aminokarbonyl-1-etyl-6-hydroxi-4-metylpyrid-2-on-5-ylazo)fenyl-2-ylamino]-1,3,5-triazin-2-ylamino]propan, litiumnatriumsalt;149850-29-3;415-100-3;Prioriterat riskminskningsämne;Allergiframkallande;;
natrium-1,2-bis[4-[4-[4-(4-sulfofenylazo)-2-sulfofenylazo]-2-ureidofenylamino]-6-fluor-1,3,5-triazin-2-ylamino]propan, natriumsalt;149850-31-7;413-990-8;Prioriterat riskminskningsämne;Allergiframkallande;;
tetranatrium-4-[4-klor-6-(4-metyl-2-sulfofenylamino)-[1,3,5]-triazin-2-ylamino]-6-(4,5-dimetyl-2-sulfofenylazo)-5-hydroxinaftalen-2,7-disulfonat;148878-22-2;415-400-4;Prioriterat riskminskningsämne;Allergiframkallande;;
hexanatrium(di[N-(3-(4-[5-(5-amino-3-metyl-1-fenylpyrazol-4-ylazo)-2,4-disulfoanilino]-6-klor-1,3,5-triazin-2-ylamino)fenyl)sulfamoyl](disulfo)ftalocyaninato)nickel;151436-99-6;417-250-5;Prioriterat riskminskningsämne;Allergiframkallande;;
pentanatrium-4-amino-6-(5-(4-(2-etylfenylamino)-6-(2-sulfatoetansulfonyl)-1,3,5-triazin-2-ylamino)-2-sulfonatofenylazo)-5-hydroxi-3-(4-(2-sulfatoetansulfonyl)fenylazo)naftalen-2,7-disulfonat;;423-790-2;Prioriterat riskminskningsämne;Allergiframkallande;;
N,N'-bis[6-klor-4-[6-(4-vinylsulfonylfenylazo)-2,7-disulfonsyra-5-hydroxinaft-4-ylamino]-1,3,5-triazin-2-yl]-N-(2-hydroxietyl)etan-1,2-diaminnatriumsalt;171599-85-2;419-500-9;Prioriterat riskminskningsämne;Allergiframkallande;;
5-[(4-[(7-amino-1-hydroxi-3-sulfo-2-naftyl)azo]-2,5-dietoxifenyl)azo]-2-[(3-fosfonofenyl)azo]benzoesyra och 5-[(4-[(7-amino-1-hydroxi-3-sulfo-2-naftyl)azo]-2,5-dietoxifenyl)azo]-3-[(3-fosfonofenyl)azo]benzoesyra, blandning;163879-69-4;418-230-9;Prioriterat riskminskningsämne;Allergiframkallande; Miljöfarligt, långtidseffekter;
2-[2-hydroxi-3-(2-klorfenyl)karbamoyl-1-naftylazo]-7-[2-hydroxi-3-(3-metylfenyl)karbamoyl-1-naftylazo]fluoren-9-on;151798-26-4;420-580-2;Utfasningsämne;CMR (kategori 1A och 1B), Reproduktionsstörande; Miljöfarligt, långtidseffekter;
N,N'-1,4-fenylenbis[2-((2-metoxi-4-nitrofenyl)azo)-3-oxobutanamid];83372-55-8;411-840-6;Prioriterat riskminskningsämne;Miljöfarligt, långtidseffekter;;
N-[2-(3-acetyl-5-nitrotiofen-2-ylazo)-5-dietylaminofenyl]acetamid;777891-21-1;416-860-9;Prioriterat riskminskningsämne;Allergiframkallande; Miljöfarligt, långtidseffekter;
1-(2-(etyl-(4-(4-(4-(4-(etyl-(2-pyridinoetyl)amino)-2-metylfenylazo)benzoylamino)fenylazo)-3-metylfenyl)amino)etyl)pyridiniumdiklorid;163831-67-2;420-950-3;Prioriterat riskminskningsämne;Miljöfarligt, långtidseffekter;;
2,6-bis(2-(4-(4-aminofenylamino)fenylazo)-1,3-dimetyl-3H-imidazolium)-4-dimetylamino-1,3,5-triazindiklorid;174514-06-8;424-120-1;Prioriterat riskminskningsämne;Miljöfarligt, långtidseffekter;;
krom(III)komplex, asym. 1:2, av: A: 3-hydroxi-4-(2-hydroxinaftalen-1-ylazo)naftalen-1-sulfonsyra, Na-salt och B: 1-[2-hydroxi-5-(4-metoxifenylazo)fenylazo]naftalen-2-ol, huvudbeståndsdel 6 (isomer)¤¤kromkomplex, asym. 1:2, av: A: 3-hydroxi-4-(2-hydroxinaftalen-1-ylazo)naftalen-1-sulfonsyra, Na-salt och B: 1-[2-hydroxi-5-(4-metoxifenylazo)fenylazo]naftalen-2-ol, huvudbeståndsdel 8 (isomer);30785-74-1;417-280-9;Prioriterat riskminskningsämne;Miljöfarligt, långtidseffekter;;
ammoniumbis[1-(3,5-dinitro-2-oxidofenylazo)-3-(N-fenylkarbamoyl)-2-naftolato]kromat (1-);109125-51-1;400-110-2;Prioriterat riskminskningsämne;Miljöfarligt, långtidseffekter;;
En blandning av metyl{[5-acetylamino-4-(2-kloro-4-nitrofenylazo)fenyl]metoxikarbonylmetylamino}acetat ;#VÄRDEFEL!;#VÄRDEFEL!;;;;
 metyl{[5-acetylamino-4-(2-kloro-4-nitrofenylazo)fenyl]etoxikarbonylmetylamino}acetat;188070-47-5;424-290-7;Prioriterat riskminskningsämne;Allergiframkallande;;
krysoidin;495-54-5;207-803-7;Prioriterat riskminskningsämne;Mutagena (kategori 2); Miljöfarligt, långtidseffekter;
 krysoidinmonohydroklorid;532-82-1;208-545-8;Prioriterat riskminskningsämne;Mutagena (kategori 2); Miljöfarligt, långtidseffekter;
krysoidinmonoacetat;75660-25-2;278-290-5;Prioriterat riskminskningsämne;Mutagena (kategori 2); Miljöfarligt, långtidseffekter;
krysoidinacetat;79234-33-6;279-116-0;Prioriterat riskminskningsämne;Mutagena (kategori 2); Miljöfarligt, långtidseffekter;
krysoidin-p-dodecylbensensulfonat;63681-54-9;264-409-8;Prioriterat riskminskningsämne;Mutagena (kategori 2); Miljöfarligt, långtidseffekter;
 krysoidindihydroklorid;83968-67-6;281-549-5;Prioriterat riskminskningsämne;Mutagena (kategori 2); Miljöfarligt, långtidseffekter;
 krysoidinsulfat;84196-22-5;282-432-1;Prioriterat riskminskningsämne;Mutagena (kategori 2); Miljöfarligt, långtidseffekter;
2-ftalimidoetyl-N-[4-(2-cyano-4-nitrofenylazo)fenyl]-N-metyl-β-alaninat;170222-39-6;426-400-9;Prioriterat riskminskningsämne;Allergiframkallande; Miljöfarligt, långtidseffekter;
